{"1": [20.872199122913795, 21.196916389794392, 21.602896420097156, 21.988700773878683, 22.394644404242374, 22.795788960579586, 23.20570720999958, 23.498087195301412, 23.920356153406328, 24.288764810463913, 24.713738495169068, 25.10269121868958, 25.512224435273698, 25.915062822505593, 26.245596327073805], "2": [23.73388080858996, 22.72491483474959, 28.728798135809264, 22.484463469625442, 22.958842575496025, 519.3743385701101, 516.3670671662358, 520.2081991899653, 24.545364391477648, 517.5320698181092, 25.43469087022516, 192.02201827003043, 26.47538387239318, 96.46424888282041, 106.75846879276435], "3": [517.9531910207788, 514.6909392101613, 515.0685818028371, 519.1310006701345, 515.7827482048349, 516.1057703610148, 101.31812271931139, 516.87856850305, 520.8389711380373, 108.7398926427646, 517.6961234614616, 274.0921584777434, 522.2866642060318, 518.0096679235968, 29.45088495671517], "4": [513.0486787140334, 514.2039208608347, 22.79176890442264, 513.5884175217456, 514.3618949641155, 515.6278606213581, 519.1223875376533, 516.0032810241735, 252.0971761470445, 515.2016621931753, 192.01613405953668, 26.230151880214297, 192.39451527615805, 108.35172556175935, 107.42068278450178], "5": [513.0939892195452, 510.75119738467237, 516.6383538669353, 508.7641167560062, 515.9239473429701, 503.82114940477754, 516.7174710356288, 517.0163029021327, 106.54292358610147, 517.8242716767479, 518.0436810301381, 110.98909998723991, 416.92338195755025, 101.58050538238895, 519.0776269577185], "6": [501.6541814234631, 514.0790179109882, 22.70768707045241, 514.6246205903665, 515.1824040958085, 515.2556242088143, 24.206728903117675, 516.5521716731961, 25.014078777650425, 25.43634130636047, 25.825447980998405, 28.20356959670585, 517.8519682242718, 520.9754944388287, 518.4319819750924], "7": [502.0661109349172, 514.7716406736351, 25.020633830995433, 513.4006881613781, 100.48258594720089, 23.742697909384052, 518.7900123701638, 24.47602322015454, 415.1433258633434, 25.343366981983518, 25.75780195364962, 28.130501380324212, 180.84864530958365, 519.3773756447468, 519.9711398634597], "8": [501.66193327989885, 512.1345448312126, 518.0059648671128, 22.787558605152434, 518.7781892981284, 23.671091877099776, 24.093340095114826, 24.467054830573044, 27.031276664845866, 519.8204989644003, 521.1892770797757, 520.8458877458211, 26.63217503631004, 511.5803683920837, 506.75455827575587], "9": [502.37744072783727, 514.3501455740092, 503.6469595227481, 25.50636050113311, 23.42850064768762, 519.6438401558939, 24.24537950109999, 24.639476152083038, 500.7345299282811, 108.50326150293492, 517.7477939758722, 26.149461450345107, 109.68492706123709, 506.96123096467664, 27.433190193244457], "10": [494.26010946205065, 503.1068257833981, 22.38879528750519, 22.795559210193392, 482.5856365231471, 23.597261018748423, 432.54422525337395, 518.7914970901512, 108.10030532051759, 25.275039278436644, 88.47026313279322, 26.150360558956677, 518.4277644708268, 347.66250253589175, 27.349400596667742], "11": [170.42654281690986, 71.22194340109898, 22.56870166370451, 22.95799623908221, 327.1805791667237, 515.8619938094171, 404.93912874216335, 516.3800474874516, 173.5954417302922, 516.9287805626816, 25.749912454743903, 513.1386513402397, 26.646675761139928, 334.66221005914383, 27.448153990226512], "12": [509.3144337349438, 514.2100610653866, 22.64513045940168, 333.0087398691409, 518.8825037385076, 516.1665426064169, 101.04772674038799, 252.23791972828943, 517.2244084443571, 512.6444336078029, 102.33122639322751, 252.92293560438617, 333.52024798609114, 174.98020838517024, 336.75922044522065], "13": [510.40310354818956, 509.9231096290275, 516.2224059155079, 23.131326106228464, 108.6015377718337, 102.28784836432288, 414.1408795543474, 517.9954287792477, 518.3013455468769, 518.6769063219033, 192.17531298587886, 519.3483535953736, 519.7764213627833, 193.36280286285844, 519.6979627124116], "14": [510.18532404225175, 515.3911975539713, 515.6930474516327, 100.04907155052652, 106.41284487064651, 23.922309389583337, 172.74979721756316, 191.1956920335336, 505.98997463530725, 110.75027430582587, 25.8375118237555, 26.238970767297456, 519.0639094832956, 519.396667916654, 27.500515181534865], "15": [503.0770619188563, 510.9520309686515, 511.38832961055533, 23.193191949421152, 515.673243400811, 26.30695716940976, 24.392987920957975, 108.34124688959152, 505.7705103847857, 25.507937863535158, 506.4717190670776, 26.309122006894164, 353.80072838223305, 27.117401065171418, 507.6227120017133], "16": [502.45893999392223, 502.92577022990406, 102.93771322532041, 25.29958411286197, 503.2467754424082, 23.695272825097287, 25.553761151324313, 24.596057882454502, 505.48275655595523, 408.41128064082676, 517.1569630114197, 521.4661995358736, 26.566762948582507, 27.031018280289956, 27.445374695889107], "17": [502.85915401202493, 503.0444665448662, 178.33410195543337, 518.1845441503721, 516.0898959195156, 518.8962691789816, 519.2122952581091, 519.631139791452, 517.184961975774, 112.57832142959039, 25.748406093390663, 506.71760234565767, 521.3992022816759, 27.028695199454617, 29.243652023487492], "18": [503.6566017514125, 503.93968998556227, 105.9448884033614, 350.9016448364402, 511.6006385382599, 517.0646186773879, 517.4450121662222, 517.8621782956438, 506.4526777383931, 517.9565145307314, 520.812118972548, 519.3033462400316, 26.61813630534914, 507.60631866980805, 522.1856366090062], "19": [502.5250412679336, 503.0295163358513, 515.9167210212199, 516.1630084463604, 501.48533519024494, 107.50438392028418, 24.22868390907117, 517.6508816820663, 25.026379632489267, 25.355810282617682, 25.83742665021119, 26.25477016045641, 26.608630009003758, 27.02791411369421, 520.1330513323747], "20": [503.24289465798813, 502.6088793632181, 515.290040545094, 515.2656364102598, 23.5973158289278, 516.2810602546418, 502.14910949313236, 490.18921990899315, 27.261006123146817, 519.9938915964361, 25.913304001815206, 28.311428002160977, 520.8659423187379, 28.8613903566039, 519.2571163421186], "21": [486.58450304666826, 497.26153155219976, 105.30595049372579, 22.80134214810215, 629.213699737151, 516.665076370304, 516.3596104542185, 107.7263323315081, 27.437579738869786, 345.6062393402235, 521.078781862997, 567.2363869289189, 26.5700651652497, 113.69559681942408, 190.90450162352218], "22": [1208.5439747959103, 780.3978153451876, 106.29610153073764, 338.97205854081517, 107.23050350903182, 851.2842253783602, 345.8872250608491, 24.640433677516306, 109.50021699742625, 25.437361151045632, 353.82070005176365, 109.40027639436359, 189.34847393983284, 26.94001021626791, 518.791419750967], "23": [1064.4656531198832, 1004.8992104747482, 514.8315908209042, 515.5284297386193, 345.59380266518497, 337.05408839202937, 107.81681353161757, 24.55987274366504, 189.80259538227693, 108.33534210672795, 870.4642428171343, 192.5873858225163, 491.554359339051, 491.58595957041763, 109.95730309926539], "24": [917.086049681069, 856.5086023091279, 482.7909726154421, 928.659426352322, 23.353845751991418, 316.42092867742474, 107.48395347557805, 618.4451483638443, 107.53905309740918, 708.1301179508772, 355.00649569585977, 98.94550657656826, 486.71387194485425, 27.029021006105094, 119.2095339011362], "25": [1063.228934482624, 1354.794775256959, 104.59167192922972, 553.8079344169115, 488.43237694614913, 516.4376609275746, 104.02646870337118, 548.463849404989, 516.733952435534, 191.76917070913464, 1155.829515530215, 490.76292422215846, 488.11360609548905, 567.052619050286, 27.434703355057074], "26": [914.0114977380398, 1055.0901045031862, 1052.4421226312156, 1426.596453309901, 856.4508420520855, 937.0355744641496, 484.50423672829174, 84.44352624445342, 924.7389241069698, 554.5760542472411, 553.8308743435363, 486.9279194732143, 862.6182159187931, 487.61448656520395, 1402.374799652277],