{"1": [0, 0, 0, 0, 0, 0, 0, 0, 0, 0, 0, 0, 0, 0, 0], "2": [-53.434596905384865, -52.96264054299123, -52.96217028285627, -53.023612405721366, -53.02854235225491, -53.17863895072176, -43.43876945573373, -53.10087388063626, -53.10001601674914, -53.03931485174691, -52.93645499647414, -52.852372072273084, -52.76545444913977, -52.79896023582966, -52.79443383956878], "3": [-53.42595679413601, -47.38302186449263, -53.4303675488327, -53.33009215694278, -52.31993535161126, -53.18344408831511, -53.09935088509467, -51.46817245133523, -53.11067343258112, -53.012597855711256, -52.95176359550353, -52.85200970439698, -52.79224716535459, -52.79224384736724, -52.80222599654525], "4": [-80.00199683920818, -79.99399899799387, -79.99279093009683, -79.99089735847575, -80.00060360188169, -80.00338855606473, -79.99278787829762, -79.99420118795179, -79.9996162536924, -80.00521471777331, -79.98480461767709, -79.9909524806412, -79.99361064103128, -79.98537230667071, -79.99115943828905], "5": [-53.11091564141169, -53.5003816521555, -52.5611025930428, -53.41529011288575, -40.96489266313545, -50.75778368068962, -53.18276188069539, -53.110893309238875, -53.09019501261903, -53.103045401214594, -53.0204522776371, -52.88196976986535, -45.16541609180088, -52.87538809082671, -52.79812592169653]}