{"1": [9.230082994638666, 7.31025460551085, 7.434743820441005, 7.607539831941717, 7.792262569873835, 409.5149674360414, 8.13771039687611, 8.308414060008067, 8.478370071460933, 8.647942653514312, 8.782748888869982, 8.962132877174803, 625.6679237026755, 9.315369794031293, 9.449380988043071, 9.653987782292942, 9.837761191255892, 627.2264108505759, 196.4955207689352, 1024.7819512854596], "2": [1027.3453813684198, 627.2264108505759, 625.6679237026755, 409.5149674360414, 619.9179510045494, 8.732763586732585, 625.9288034964517, 9.058783839278327, 9.215154820248584, 9.388202516243444, 9.512311018571145, 9.689348274132497, 9.830041066308011, 9.979982835535097, 348.635977379706, 10.279097404709988, 10.438525588312022, 10.619099978902536, 10.770313010400114, 10.954525974526073], "3": [1034.6341675596552, 627.2264108505759, 625.9288034964517, 625.6679237026755, 8.55743214931874, 602.6955718751647, 620.0051542381478, 620.1071539628911, 9.234763178103316, 415.84361911268087, 626.5305214092241, 9.651267563892816, 198.41503806610308, 15.872533705881771, 10.136140232397096, 74.65825415125052, 10.461134256229592, 10.635069604205922, 625.8679204812661, 625.9624407123894], "4": [1034.6341675596552, 632.7470744241613, 626.5305214092241, 625.9624407123894, 8.508371007258905, 8.645523456392871, 625.4999408148403, 111.91945766586647, 622.1014181102859, 211.38608479460638, 625.3217357573067, 625.4356042493365, 625.5235456351935, 625.6395470889331, 629.4561390963478, 626.0850498651505, 355.9657005600514, 10.536378809330623, 10.799353084481945, 13.289442348943568], "5": [1034.6341675596552, 632.7470744241613, 629.4561390963478, 626.5305214092241, 8.552015277038398, 271.679291683737, 630.2195451519361, 8.999403986530961, 624.6976297800148, 624.8407380478583, 620.3212221751033, 9.632060356099048, 625.1584222543418, 627.957202830291, 10.119069095195316, 625.4184837166595, 627.1382649485828, 626.4304658354188, 625.8948305489729, 620.219463151358], "6": [1034.6341675596552, 632.7470744241613, 630.2195451519361, 629.4561390963478, 8.565275442600328, 630.2709175334139, 14.498171689686075, 620.0736441056097, 624.6395421471453, 626.1518675930041, 629.8249127960131, 627.0427819848627, 627.436778907582, 626.2006512358117, 616.0047344902597, 10.307340301170541, 627.1682651863081, 632.8570944358908, 627.1618832783913, 250.2556670656811], "7": [1034.6341675596552, 632.8570944358908, 632.7470744241613, 633.1980863865755, 623.8663861725569, 8.675743363519484, 209.91805071512422, 9.033030103607004, 1034.1400003028443, 631.0503313960922, 625.9758423105479, 590.4153140719285, 829.3028973837651, 630.063509768904, 494.6737794642769, 624.0783650044834, 10.41194893959331, 383.85560355099494, 611.856988568334, 630.168755322304], "8": [1972.181981308807, 1391.8756929018332, 836.7232400235184, 633.1980863865755, 155.29958445689522, 8.726000122379306, 610.5757493817061, 610.7061222229922, 573.4275607629189, 626.0428296328816, 9.46717430668133, 629.4819729751048, 1374.9690519632386, 823.0350317940566, 630.4279931470052, 2033.951534666086, 620.3715833601083, 627.592685591086, 632.1995716762966, 628.3785599851017], "9": [2033.951534666086, 1972.181981308807, 1391.8756929018332, 1374.9690519632386, 629.3875810529581, 1033.9198070185973, 8.87426393909209, 1034.5255265862374, 814.5139085965145, 626.5862075870135, 1027.6506642652869, 1037.8919774394178, 1033.4031258387156, 14.834730535976941, 391.3803972802458, 629.9977172567524, 630.7153333189806, 624.6572703357518, 10.794029316380335, 36.67315101693905], "10": [2033.951534666086, 1972.181981308807, 1391.8756929018332, 1374.9690519632386, 630.4622420553563, 1352.684027811337, 1035.665872701924, 1033.0126922878271, 1023.3128098823064, 14.604500717873862, 1038.5169398580151, 1034.2767480182263, 13.677275106987993, 1040.0098865535847, 1035.0219259737357, 1036.1068223294103, 1030.3509484072174, 1036.7806955734397, 833.006566687179, 15.102235609754038], "11": [2033.951534666086, 1972.181981308807, 2037.464918366781, 1374.9690519632386, 1291.7784198037455, 2082.4558363758497, 1031.8087860651656, 1226.4528192301464, 1028.6694811819623, 1029.9351516570061, 1031.9288783341126, 2162.2316958539627, 1031.7400601978254, 1266.6831228862989, 1031.822260564297, 1983.9283106671157, 158.60656158137684, 1025.3662351877938, 1207.5967494598062, 1035.8572666515993], "12": [2162.2316958539627, 2082.4558363758497, 2037.464918366781, 2033.951534666086, 8.511807237927549, 1035.6608777760869, 1035.71532159399, 1035.7328153642636, 1222.4918519481134, 50.355208583395644, 1113.008014850118, 1026.543412831442, 1155.3460547280947, 1036.5817181099678, 1028.5992812121867, 129.0801999950574, 139.43396881280088, 135.16174632984118, 1220.966281195214, 1032.3365176473026], "13": [2162.2316958539627, 2082.4558363758497, 2037.464918366781, 2033.951534666086, 1031.0926816377403, 821.7211182581598, 1202.2048040929226, 1225.0043850625616, 1016.7507277870992, 1991.4830004342036, 1542.607297386067, 1033.0899579502784, 964.4710855245698, 1206.0661511478725, 1033.7024656514855, 1431.7424683984893, 1033.7674894096356, 1197.9193997776201, 1032.3498749135197, 1040.40457633924], "14": [2162.2316958539627, 2082.4558363758497, 2037.464918366781, 2033.951534666086, 1028.6852201795034, 1033.2114338698825, 1769.2675317714306, 1411.9998333017602, 1024.3537980070914, 1230.0935069830123, 1033.2995106111193, 1033.8114462685037, 835.1901793693849, 1221.1626879954947, 1184.332870117938, 1033.7861368448478, 1195.9443311303457, 835.2122911520663, 1033.322001842534, 836.6047592827608], "15": [2162.2316958539627, 2082.4558363758497, 2037.464918366781, 2033.951534666086, 820.3211056523944, 838.259092165693, 1981.0677970203892, 1031.7026935729864, 1404.2517130389842, 831.2201684778981, 619.1393728825797, 627.0465482750349, 1326.1042514534483, 1226.9202501763418, 1029.4482362334943, 1002.9262355339791, 1982.7092154268016, 1023.4541416198684, 620.2095981339767, 1022.526800484939], "16": [2162.2316958539627, 2082.4558363758497, 2037.464918366781, 2033.951534666086, 1030.1616572515481, 1033.9036094517742, 1983.13584968834, 824.0422661379114, 1037.72661764284, 1030.9959959036842, 1986.2330888374624, 1029.7096397066784, 1031.2745050323695, 1031.6280952267157, 1598.5118090557432, 1178.972767299187, 1033.5071086551932, 1217.0444691148095, 1228.8215379034816, 1034.8271605861005], "17": [2162.2316958539627, 2082.4558363758497, 2037.464918366781, 2033.951534666086, 1030.4838761865242, 109.18147762715068, 1035.217309751759, 1026.5492479522168, 832.2866379316021, 140.1269270600122, 1023.0215681077194, 1038.7520244871457, 1030.2131325307905, 1031.4438784740955, 1036.2322210068787, 1027.205839797806, 838.443832462806, 10.609531506507299, 835.3185199502159, 1030.798950194189], "18": [2162.2316958539627, 2082.4558363758497, 2037.464918366781, 2033.951534666086, 1223.2970953891759, 1035.6309046494116, 319.79498756889654, 833.5547378319731, 1033.024165779476, 831.2207509335158, 9.493067373002928, 1033.1137365573104, 1035.845195568569, 1237.6216606020496, 1217.4725913286177, 12.692996417980249, 1041.9367694313353, 1973.276787647101, 1359.5282348254257, 631.2797231852857], "19": [2162.2316958539627, 2082.4558363758497, 2037.464918366781, 2033.951534666086, 1032.2943753104882, 1027.6251259124292, 1218.8020756381484, 1028.8372509104786, 1030.2788440175682, 1020.8450980116775, 1024.4976626250475, 1029.9816202440868, 1030.1275689951317, 1029.2313526264, 1031.3250505196706, 1033.846656475714, 1031.6182456332663, 1032.9431260081815, 839.8563033352281, 1032.5968595926383], "20": [2162.2316958539627, 2082.4558363758497, 2037.464918366781, 2033.951534666086, 1781.3297581345269, 819.056181428493, 8.842384960061793, 1032.5708294130916, 916.3344669987061, 1181.51535180433, 819.7983828841341, 1232.9939384716865, 2133.9044000484005, 629.5779441564362, 449.63129195678766, 1029.8181339640387, 147.31334830487086, 822.2037414985957, 1035.1702643674396, 827.6531713187466]}