{"1": [4.733465950224087, 22.10960163167576, 4.371084291014881, 40.86341997840067, 4.371084291014881, 79.10724441912822, 4.347010531134629, 0, 3.7139243630474965, 509.2535904873175, 4.112269204828522, 4.112269204828522, 0, 4.112269204828522, 0], "2": [582.348308929004, 74.7922017799951, 25.892611769345635, 448.38686209019573, 529.6856053819279, 419.13690610236796, 0, 4.480945964293937, 0, 2.562194538954941, 448.8098662991497, 104.50069774210137, 4.480945964293937, 6.110821159849124, 0], "3": [532.9108452453296, 574.7093293573805, 478.5245345461356, -11.95661392537393, 452.5757874265875, 29.723955225056883, 84.78479202462269, 443.6727303574432, 437.8623578106211, 28.386761719489236, 187.42568837863686, 483.523061302, 33.35796865182859, 35.615333481909, 424.1183994588875], "4": [566.9137144014148, 592.4600627680069, 28.50595092584932, 37.032728878707985, 177.01163975233476, 34.21712881067891, 522.5061706051692, 481.1894388871465, 21.3763544105271, -48.52219208306457, 15.670918561522626, 4.59168625211862, 400.3879514031579, 114.88712073823979, 441.8922326655417], "5": [511.66312035897204, 529.3755830601947, 12.798752054954136, 75.6874591227736, 49.245625450740405, 433.775116329981, 34.18443520592609, 32.03988308377039, 243.8772380233313, 31.131760450439998, 450.42031612994026, 515.0163090411106, 318.8049630440853, -3.1608562055748735, 109.44103555877354], "6": [567.4752553360214, 516.2649720781199, 508.14765246871866, 531.367505035707, 155.72750581224727, 526.2623414620609, 526.7257040506145, 93.00501312928513, 100.7443169063456, 519.4197673452434, 506.9626500269124, 506.68893481912653, 519.1932075500603, 519.0975201322077, 519.088819323804], "7": [528.6287157191756, 344.44392610499307, 566.5333018474121, 568.5843053598359, 532.0969816529285, 520.1798530075095, 530.2984209238571, 525.0737026790287, 529.2364959673605, 574.7129129936618, 570.6926697247077, 517.1385806166606, 531.073540171166, 589.0530548495001, 532.6341712378627], "8": [593.2849147213507, 573.7543513783736, 592.124948778251, 488.84443874437954, 531.4081113036855, 531.8808783674655, 581.9578301724276, 535.1796894839622, 257.4094314694981, 592.6409410853059, 259.2025994352981, 272.20919842390134, 527.7622877936558, 525.7957476336812, 533.4629365090319], "9": [589.851343243658, 584.1244422681578, 576.0177013163583, 584.8771361609897, 571.9097786423761, 584.8771361609897, 526.028362446404, 584.5696836225292, 73.8623153000581, 527.4462836953828, 536.4508015027375, 101.8001410652644, 243.08737573139794, 585.1743608868675, 77.76367524674299], "10": [587.7220909761345, 575.7690284773604, 191.95967033826534, 585.4375969424541, 584.60375542858, 587.7529825988821, 585.6103097500352, 588.1044686377484, 589.2237414521131, 515.1666541977534, 526.6629557836185, 574.3195629658478, 579.684576172451, 531.123226121837, 82.36704044339305], "11": [531.3058276692396, 528.5130741150801, 587.3726547918764, 575.8908708366464, 529.4668650715806, 532.3981256500447, 522.138035684014, 534.4730847600881, 588.673433426175, 588.673433426175, 572.8700137834795, 527.8396771201755, 522.9393123597438, 587.3775799101209, 599.6047319742668], "12": [-41.20489760985322, -91.61749965367403, -91.61749965367403, 403.97705790420775, -41.414909848576315, 171.20327540729585, -40.927107922232324, 12.473241015525588, -258.2581736996581, -40.85930755767879, -92.304824853772, 110.70531261307417, -41.32654952738915, -40.97432683777595, -99.75658307809056], "13": [421.1629781846493, 262.34571180181854, -54.34093138765385, 401.38037506702074, 600.7419131232715, 0, 609.5121845828445, 4.992338970500185, -53.488551626048206, 600.7296902266812, 34.41767997106768, -85.98982834735722, 620.6171042522366, 611.0552145991525, 571.8217084212299], "14": [616.4032879894758, 605.3398309587495, 422.7113892167147, 624.2358599508403, 0, 600.3572515805382, 73.96200631416741, 499.4040098174088, 603.8531748798256, 619.5060938109816, 0, 607.5798235884128, 619.6563791173469, 602.6420221094972, 614.4528643486191], "15": [621.2894523836447, 424.3422574303307, 608.1358508676575, -10.797396026495491, 610.955660447984, 76.20140860427857, 615.4728811433386, 269.61321913879476, 168.54176189448765, 614.9426880013228, -16.722720594819236, 602.594973036154, 609.6056926331104, 626.1650029136368, 98.59878397963314], "16": [682.7050512647411, 427.5501157427356, 600.442434265173, 600.5822936577204, 176.87915957639046, 409.8086311402383, 625.1084602586652, 605.4093930764133, 606.0174463043782, 73.1503132508041, 615.434410491783, 77.9425706730855, 83.68224868874516, 109.63827783134062, 93.59579049756316], "17": [626.0245622168567, 619.1603524741085, 602.5546539357101, 621.6520316241055, -19.719217787823723, 592.2259971123644, 621.6520316241055, 603.2089663900925, 80.48727133728521, 603.2781035291102, 598.7408466396173, 596.3442332409583, 620.9735154114784, -19.307463752970918, 99.89710629532323], "18": [627.2800822248892, 625.3266991168921, 610.8108745012313, 607.6039604263368, 620.0866691708982, 90.00465851475818, 400.3633105287807, 624.9448283243995, 83.65561902061516, -45.41308852932987, 351.96045036970753, 614.343758813746, 621.3503832519921, 603.1141579934172, 624.9448283243995], "19": [625.0406162776784, 616.2669837678944, -28.604116878784794, 168.52839461568146, 94.90995455899483, 620.5743719997705, 615.8315588417717, 629.6777795751555, 7.810593133203156, 624.8440163448331, 418.24696555057534, 623.1124492083354, 615.8732554715918, 421.65267929050333, 624.933842304431], "20": [662.1980398190125, 625.6319156149453, 601.1627227177379, 605.1598244157577, 620.6695881205902, -35.98891690719719, 609.3862568261278, 622.5785524587018, 162.34446265796134, 625.6319156149453, 622.1097700341643, 669.6402194752299, 91.41034796907212, -34.268361250367064, 625.4959052708126]}