{"1": [7.156618440737946, 169.01765998128, 7.507903699682475, 9.442531762661579, 10.719413160574268, 7.94152002084451, 8.109410310244355, 8.266999810270232, 10.449600858491529, 8.588374726436527, 8.781814854993712, 8.963590433128571, 517.7279536179885, 13.731578910348082, 9.42649389980693, 13.917503475111833, 165.26628864399115, 9.916081523377361, 10.112593827001739, 10.275093055093862], "2": [518.5533450731521, 169.01765998128, 165.6665741063415, 13.917503475111833, 402.8535623621291, 8.748609640454859, 140.50162334452537, 13.069111638115322, 750.5162783772017, 9.386421106488081, 9.532681301780581, 9.688349605066481, 9.863751116639078, 504.21712262784206, 504.3123347313853, 10.311480616873252, 168.16503206770466, 10.647282098067594, 10.811120219277363, 10.887599443990986], "3": [1009.2337260224971, 519.8619121681811, 507.9279353817966, 509.32616732317115, 8.493091958288073, 8.668351909625876, 170.05939674785984, 170.1433388392813, 503.57333977524536, 828.4456108039726, 520.7695500198905, 170.55197984374752, 673.7446742536151, 15.805257444966301, 516.843296588328, 328.4912204921543, 502.3206369708628, 390.6543323116773, 10.680725272106255, 504.954687124514], "4": [1469.7812263390392, 828.4456108039726, 676.2984137863544, 520.7695500198905, 172.65295576590017, 11.981726918045124, 8.772241910653493, 501.5507925827489, 516.8481596347143, 500.7067882147748, 504.4947822823458, 510.2004640794177, 13.467204493888241, 224.55291142205735, 175.8993322378308, 505.75111295973215, 174.83261343007476, 173.07369558209413, 508.26375218298966, 380.2544365316752], "5": [1469.7812263390392, 828.4456108039726, 676.2984137863544, 520.7695500198905, 504.6818782723327, 9.972281399361338, 9.339282099850665, 807.3508093390475, 508.3081437731695, 507.79267719377077, 515.5021333132968, 13.38487185174764, 14.500249003727845, 519.6574082354147, 513.0341199668188, 514.2940422485415, 515.4559123564841, 174.5740103536671, 519.8752325607553, 700.8666358020454], "6": [1469.7812263390392, 828.4456108039726, 807.3508093390475, 700.8666358020454, 1138.5271968270658, 507.4026173750982, 8.906999930849732, 503.2010307298282, 504.42103741179864, 344.1788073741745, 520.0736717958938, 505.63954683683676, 590.766117667548, 158.04187324901437, 514.2844507558069, 182.47061012026032, 511.30305552023185, 169.0184712307064, 505.7437937504508, 10.91870479647806], "7": [1469.7812263390392, 1465.477729660272, 830.6860715226206, 2092.6314332342363, 511.456943126763, 487.66204145941515, 344.0079912116708, 519.7561951612735, 509.8631632822172, 1617.9056239021256, 514.7795310156807, 11.618306806661456, 801.2508607039751, 509.1016093925613, 520.032061581589, 515.1482821389646, 505.58157606253894, 337.5795440684159, 343.9146193223455, 342.9233490721984], "8": [2092.6314332342363, 1617.9056239021256, 1469.7812263390392, 1465.477729660272, 515.5579345671458, 514.9969103304297, 9.81529573944946, 505.98352398223386, 1145.853076615604, 510.33821580927867, 504.29869354263735, 507.2098191718093, 10.780321482239627, 808.7908679824518, 512.3260476040784, 508.540201630957, 171.07861865382495, 794.6424347966348, 517.2767823292038, 990.7992801105345], "9": [2092.6314332342363, 1617.9056239021256, 1469.7812263390392, 1465.477729660272, 511.5273934534197, 505.41201522035357, 1135.135580137638, 16.130437267867485, 512.1260210127364, 507.8000838053233, 1140.7484615347569, 994.0167259005827, 736.0348088180566, 516.0814948643568, 1152.2763838109774, 1167.5104411985362, 678.0736917534358, 1932.2324808551862, 1151.6706517229818, 507.3159968662412], "10": [2092.6314332342363, 1932.2324808551862, 1617.9056239021256, 1469.7812263390392, 1162.261965311743, 515.1118485090337, 513.7176838908391, 1159.7435878770666, 513.9190275422467, 517.9266174121385, 500.347111612946, 993.8807771955803, 1425.6169004420633, 1158.0381330094651, 500.40294117399685, 1168.8229618968496, 982.6865126888329, 668.2147346327747, 512.6867166215156, 1646.9161005204107], "11": [2092.6314332342363, 1932.2324808551862, 1646.9161005204107, 1617.9056239021256, 1141.934273158526, 510.12087166035997, 503.7098854278523, 500.670499950231, 514.1162013663063, 1138.4978298585502, 504.1925685647859, 178.3899090989572, 507.5487198419844, 508.55864804026453, 512.0759143958043, 507.70969787254535, 504.8091517737803, 509.2155225742101, 673.9034425573728, 483.7308243905492], "12": [2092.6314332342363, 1932.2324808551862, 1646.9161005204107, 1617.9056239021256, 1644.6415356236587, 994.4164802204094, 1137.9205170549676, 178.24934279119492, 1165.2909079133372, 755.9162425991784, 508.29186165575476, 487.75865043289156, 1143.1299273989919, 512.8623872530903, 510.31958515545494, 1171.9283538123018, 512.1751739099467, 994.1293860219896, 1171.124097999116, 1470.8770698980368], "13": [2092.6314332342363, 1932.2324808551862, 1646.9161005204107, 1644.6415356236587, 179.52724087628062, 1084.6770022867915, 180.463883409132, 1164.0677509688173, 507.0037131099523, 738.0736547867664, 1456.664942498202, 510.7835499732703, 1319.030161753511, 734.4925562950027, 1730.9129912269582, 798.7394897370714, 334.0773565872261, 650.3896434866842, 511.2992583303088, 181.539216527755], "14": [2092.6314332342363, 1932.2324808551862, 1730.9129912269582, 1646.9161005204107, 728.3153317789628, 510.49782933163607, 729.9903683571621, 777.280565454772, 509.29778166720814, 507.2371988507708, 505.38010877530115, 511.03931573116864, 1430.345171964986, 611.7928425786685, 680.1881089609057, 514.5909524873357, 1299.4793551601224, 511.77650503276715, 176.24161646109354, 1378.8766878254487], "15": [2092.6314332342363, 1932.2324808551862, 1730.9129912269582, 1646.9161005204107, 996.0223903783763, 796.9657764034566, 506.7131662106215, 949.2562530880214, 260.06218303520467, 510.82010610971776, 991.227226414095, 1636.264947480283, 1322.9188671209297, 503.89110616664465, 512.0194869490283, 1637.5539732908537, 181.54214919136956, 990.4996633371749, 512.7429170401507, 181.40449216401063], "16": [2092.6314332342363, 1932.2324808551862, 1730.9129912269582, 1646.9161005204107, 986.0806046040232, 499.2822358711399, 511.7754167440901, 265.4611492196631, 1130.6998564258954, 504.6850292423261, 1164.2805797745978, 503.8001627688426, 834.9558330994229, 969.1813745419582, 179.0665019121014, 753.3428876635004, 505.320886971209, 1288.7336611256806, 997.4216191201015, 507.6208155077192], "17": [2092.6314332342363, 1932.2324808551862, 1730.9129912269582, 1646.9161005204107, 507.0341435128179, 508.57998377064666, 800.5050562314317, 983.0947895105264, 672.8579961782738, 511.31006329746276, 1140.5526127007572, 673.24015534373, 984.6629223613378, 745.1345064735306, 1891.0632273955885, 331.96670187333336, 1130.683033371421, 1137.724556193172, 965.8705097700669, 502.01035726810426], "18": [2092.6314332342363, 1932.2324808551862, 1891.0632273955885, 1730.9129912269582, 1739.959361997958, 1154.1017621394667, 996.4018857813801, 1636.4220460885049, 668.4917778998293, 180.40000721319066, 984.0192099992374, 1149.4724841961377, 674.377842490829, 508.0105335532392, 804.5418230225863, 736.8080197402197, 1130.513637124008, 506.4656323172652, 178.86684278529125, 181.22841294471547], "19": [2092.6314332342363, 1932.2324808551862, 1891.0632273955885, 1739.959361997958, 508.4329440210693, 1321.408357008993, 729.3708371800349, 1174.449745293195, 815.693278009209, 742.3565209592979, 980.4990453620214, 428.79647478483474, 1138.9885241237862, 725.4893535081296, 766.3167740348823, 178.6990368208544, 995.9918412021955, 1138.0474912806976, 1315.2009589144454, 181.04146632015045], "20": [2092.6314332342363, 1932.2324808551862, 1895.6853314901557, 1739.959361997958, 509.0308222743872, 178.25778374565053, 1001.724407286824, 506.27332736671434, 2125.321302633137, 994.625805736658, 1155.9126382414645, 180.55902031156333, 718.3254730168782, 508.75868610278945, 431.3754811477464, 1164.1363666950174, 1152.0509156798887, 1481.798514698134, 179.60383774196168, 977.7721305789381],