{"1": [0, 0, -66.37916074292951, 4.378126356085431, 17.98260362490084, 98.56417516946901, 540.0402141936414, 82.14643247005776, 478.2364629861485, 4.378126356085431, 386.62283837398087, 4.378126356085431, 0, 4.378126356085431, 4.348393340886517], "2": [436.0355631032728, 478.14939044637987, 514.3139164471515, 4.227506528921836, 9.397905040709418, 4.607735581491369, 4.683283892611257, 4.683283892611257, 4.551317177292447, 4.298402946291247, 123.07954079852838, 30.61277252314305, 14.042795050171108, 530.1431534578553, 0], "3": [533.5009862159916, 512.4462709968218, 531.7981587680397, 5.687729078731422, 524.1420225207966, 25.808634234435324, 80.83505769692442, 537.3795951279782, 529.1224381530321, 529.308435447244, 535.7477056760117, 8.180562650606774, 84.80746866396444, 588.1335603085577, 527.9128647729945], "4": [575.3971296384484, 526.906073980735, -127.66082901390863, 578.5116337759302, 525.1502985902704, 19.550524107115123, 54.0560310505449, 533.5324476598612, 1747.4891918815745, 624.1810427775018, 0, 495.2903288759877, 662.6037813802506, 65.43401339124338, 529.409073466919], "5": [599.0974955164173, 1804.9295756076037, 574.7501960265404, 598.1042752900923, 607.2920513426794, 600.989785379066, 1750.101300480035, 600.4051559830771, 1726.9347136585127, 587.4407345098656, 0, 1758.791604583689, 580.780831379844, 1727.5665901490056, 616.0868849691998], "6": [538.4142070707912, 1760.5819009077375, 581.3667212621339, 257.0054526915553, 1780.1983515702518, 519.0650347549026, 1697.517018237774, 587.8483325144059, 136.05216208733276, 582.3952374299306, 1712.8299528366515, 575.226009452765, 383.7405306422618, 146.1390520386646, 531.4581876631748], "7": [1760.1280454527684, 2321.5338585681843, 1799.2440664445228, 3549.7293558342258, 519.4457583609917, 615.2385554967857, 1791.2806278991995, 435.0899984159812, 247.24358565063847, 615.843524503459, 2061.4121397368035, 571.4371535705744, 582.8279378519007, 1748.4734926655365, 1795.460155465858], "8": [534.5324590148326, 618.8291887329392, 576.6513657704403, 538.1307434125088, 350.53486089040194, 796.4718968567321, 596.1554157573468, 0, 581.5671788183937, 582.7015352798581, 141.47485309277357, 301.2872923444073, 521.2765581828289, 1809.1293661361128, 430.68740315696505], "9": [1805.8730272674416, 623.0169350538487, 295.29157768711656, 677.0071457280235, 1758.4898057361236, 3520.3058957151184, 220.92228300507156, 1807.582540893692, 1790.900129052201, 97.46590162947354, 1800.7147166227603, 3531.5785545096714, 530.9529865629064, 588.195760957964, 130.7749366054902], "10": [1693.9925038051074, 1790.206041266429, 227.24245842683644, 181.8133212569576, 1529.6001106481126, 614.2412163843538, 191.82124052940324, 67.84220682794577, 530.927531328311, 532.9184457664674, 189.68497250097425, 426.85894789588207, 1751.5015289006628, 308.97086692722417, 574.6095991481609], "11": [2399.7508313688354, 1800.3646698036334, 2337.2016511757365, 616.0325028351356, 434.98547431052765, 1713.3974096763973, 1746.6802309374648, 499.5433586552867, 3.921272102322547, 0, 1749.5950601415457, 529.8405514850127, 535.5654223782433, 620.5177581622544, 620.1712840251203], "12": [587.1594776416507, 3523.9986443726266, 1755.9585292363574, 598.9997249098532, 613.9288098234408, 619.4568242029767, 602.1181514458932, 3587.555123723077, 1803.1425027015198, 3618.3277731895405, 591.6079381883841, 538.9245491853152, 0, 240.88055144733758, 2360.0493861077134], "13": [3544.9623019702703, 1756.4288944596576, 519.7179224480105, 591.8124063715243, 585.5172466960177, 896.5189827715818, 611.7204814530767, 139.358680708675, 1782.016982379381, 581.3802408242962, 432.2248677704413, 145.75852034668017, 1815.3093748104898, 3575.733871803717, 607.7468416696194], "14": [2420.138534285987, 2420.4840892282214, 1554.4615552128826, 2334.030688735283, 1692.0783543420448, 1807.6692135164315, 1796.4962536910264, 534.7664230369863, 431.6482861201872, 533.9021191660078, 590.1731210786096, 1777.2791416165994, -63.63202144623287, 586.3937435385882, 425.4502373960161]}