{"1": [101.5534941262476, 20.466324678272333, 340.14595728322325, 21.24475714231919, 21.65780135619412, 22.0093062110461, 22.462459366295636, 22.878389776372863, 23.26453170704524, 94.24977623275771, 24.140037618717635, 24.566066951183817, 513.8269170241454, 269.70474941533377, 25.7534323225789], "2": [511.0521421775465, 263.64392615901585, 265.94132400731576, 22.639379430132262, 512.4993149382061, 512.8818051302762, 186.8784030649808, 513.5859473864956, 107.5844372169539, 514.3133063350832, 514.6507441884244, 189.0525240379526, 515.4473862106097, 436.68800653429685, 516.2528709557436], "3": [511.3508274573351, 511.6500208321042, 512.0610965899285, 489.5947692046705, 512.8775843798038, 513.1846493433011, 24.058693560713976, 513.9345239920891, 514.2760193251268, 514.6758591481008, 515.170790747323, 515.3977573184724, 105.40941678614658, 516.0900705819907, 190.70451660761532], "4": [488.1255712033851, 510.8765374540577, 492.67808593991407, 511.8648634759055, 511.9796853967709, 23.510308656822254, 513.6639367627403, 494.79115516507045, 24.785997087261066, 73.80409257506926, 25.59110031366011, 496.19763810496204, 74.99769013890736, 26.86408622808058, 27.349034382344893], "5": [488.4484986264168, 492.2984575391688, 492.6330587726368, 508.33680300948515, 466.8215987241463, 512.9167040036856, 23.99817594866588, 513.7065290845105, 24.841947224308043, 25.276318757222427, 514.7343366769493, 510.89841511703344, 515.1644054442145, 26.952685157851334, 303.5318600174744], "6": [465.07237126520687, 298.2342178171226, 21.99666003280007, 22.39726460091172, 102.76050430720656, 23.182316407553067, 493.69583468127774, 495.4125860181783, 106.09530155396607, 341.8477929805159, 486.9908171334353, 74.7959093875196, 498.0444778664206, 471.2991528169972, 515.4971152187625], "7": [324.0730823113114, 324.40155791883825, 22.39002639990136, 242.48728663909657, 325.51921206934753, 23.574700139421893, 243.6138823585363, 326.62923902973154, 513.6671672158317, 432.875499517358, 327.6638062857441, 508.4433422957071, 26.47676078516934, 513.2707872917366, 507.63246590991355], "8": [510.8304415215484, 506.01398607038277, 511.4331658129077, 417.19683612557304, 512.2946719390342, 23.596090210023622, 512.9869708348041, 24.39362637214715, 514.5583446381974, 514.8027158786432, 25.572094272061186, 26.072265432105336, 516.0025932046083, 505.95052977048874, 513.8254744431093], "9": [504.3108979017668, 509.08207502528404, 511.87334521458473, 101.61359897478032, 425.0862137135196, 513.191719454714, 100.51167062143392, 513.1188676689649, 24.79701555500189, 510.3960610464278, 432.4488818264611, 26.073781510069583, 419.99881381816, 508.660849064548, 350.80642065402657], "10": [502.18996069972997, 502.8337487598813, 22.29641663504649, 511.46789526772454, 510.8911334595104, 512.415339537884, 493.7980276972451, 511.8383591729237, 24.81712014956404, 513.9274405199969, 514.2501753713208, 26.081562691786477, 496.7903542123986, 512.8683333784345, 512.577303818257], "11": [492.2747265323621, 491.86271370348067, 492.2967622312938, 416.97430764719934, 505.0465145220724, 510.44379672108823, 493.80466215755104, 511.12619570032984, 494.6080695660103, 494.8600331724859, 419.65154670075304, 515.2152638699329, 420.3180115895908, 26.94354695082818, 496.6872936720381], "12": [415.8066782071057, 416.0570359380465, 417.26109213275777, 262.33651747291964, 416.96080577136644, 418.5141702419144, 23.981945231468124, 418.45113891351497, 513.9405622201192, 25.561712838491427, 420.5722741396208, 420.14466715511736, 515.2006494112899, 420.8021059617938, 511.4228112909964], "13": [511.635743997866, 512.6577708154256, 340.147021897955, 513.2901100925089, 513.6690810753261, 417.9830659746557, 514.1875359560115, 419.52735817074404, 265.5632094391297, 515.4204841527247, 515.4694885942413, 420.2531091728063, 516.5213876007865, 516.8275785952209, 516.9937884756188], "14": [511.3925854527187, 346.32868539181493, 22.242138585409663, 578.9677699687276, 343.10038403000874, 106.3727878095182, 417.11360713632484, 24.406859512164868, 66.9221906163877, 187.2071416028981, 100.4428900473305, 107.27987243398296, 105.4680232881518, 108.1972699505938, 106.23179613776455], "15": [21.50096853783232, 21.899748547095236, 22.314650564223314, 22.711453970791084, 23.18516963176511, 23.600988971479346, 23.913434766055275, 24.402394674015945, 24.785122277036177, 25.212430193442923, 25.668201681344733, 26.073481476073017, 26.467755764450768, 26.940781921733908, 27.277910624176574], "16": [185.3331587869056, 21.826537543107847, 4946.287797324616, 510.83034253279425, 881.4780512591552, 513.7564510199213, 100.68441958709937, 183.6622347302491, 157.50093296141915, 187.4753504481562, 187.15308400540388, 106.57324152886412, 188.34654852066828, 108.32182670977119, 107.43349651124527], "17": [566.651680458276, 799.6295804927531, 511.8713701392194, 103.05012466740499, 571.5135479388086, 23.595634077832173, 94.13418122320006, 103.57348673007893, 513.9589092940085, 514.3420559274637, 25.65985402932043, 26.061529025436723, 5960.718230730874, 495.8955861771134, 516.3167661147536], "18": [184.91575744940474, 1090.169812612234, 22.397813017248144, 174.64225776947427, 23.104292535676894, 23.591959833057903, 23.98879759569081, 560.2529895601047, 708.4915157090102, 25.24824045717217, 165.00364256712928, 667.2815683110796, 26.446252359241235, 634.8601568447801, 1322.1356076057414], "19": [177.01224916791804, 676.014796430853, 22.32192595175978, 100.94658550825184, 182.91154050182723, 97.18828084788603, 93.3994462410358, 24.36676061530833, 105.0387378134831, 25.196526966295774, 25.67280144475734, 1247.263970270559, 26.477419021025373, 26.974518270570947, 641.4975351814415], "20": [3705.603652531652, 178.7470927526268, 4167.578044823916, 1171.3343179385445, 105.46857257669721, 183.40383727079507, 492.36644376714924, 490.2701121170664, 494.52914945647666, 492.864570461062, 718.9663574192352, 177.30442036209027, 264.9612817489267, 495.35357168906404, 343.61200272770105], "21": [4249.5191162796245, 491.1817350500334, 639.0144347431028, 718.2240117765646, 104.66251872010122, 4180.779264162671, 4175.393473663826, 717.7374002448267, 546.9092776694645, 183.3487152114327, 494.3357767537228, 96.25914146757599, 188.6141404575448, 26.9250215663254, 1856.0546220516042], "22": [1777.555310940139, 3947.577677373849, 101.80175784135149, 182.58129293487, 23.103323461317025, 1171.3008091337508, 567.2812391790058, 92.86261763374856, 106.18823496677456, 711.2416009512809, 793.4448587785083, 2730.2683034854417, 402.7640962495861, 565.9859902865711, 27.276093383673196], "23": [5462.823949413466, 21.841247236098166, 506.9847335764325, 2116.5239291249413, 375.4507652742172, 6652.413644765675, 942.67449190844, 24.302416719718433, 24.716311666434397, 2310.252333062965, 6646.763128962495, 107.004179726989, 342.0054674347121, 26.80701231763582, 27.194327212445682]}