{"1": [0, 0, 0, 0, 0, 0, 0, 0, 0, 0, 0, 0, 0, 0, 0], "2": [-53.32369319428816, -52.87991095357854, -53.173530401459494, -53.101131186160124, -41.41171780745158, -46.57394620515137, -52.944198864422894, -46.20686381489777, -47.40670870103183, -50.034524289841734, -52.62338022193928, -46.03615906761264, -52.62476385401573, -47.991682299589364, -44.47451054691958]}