{"1": [449.4492655014782, 449.42918818062395, 449.43061082615213, 449.4536923764104, 449.4476263749852, 449.42616112206787, 449.43897680058546, 449.4299846296769, 449.46517174865056, 449.42721416524273, 449.4522382238167, 449.4536693143038, 449.4294160804728, 449.45584783352336, 449.4205060179035], "2": [449.4169339565372, 449.39826470564844, 444.461854950948, 450.82268534113155, 450.8555220215678, -0.2840610731535031, 650.5738077104464, 448.98656516465127, 450.47899821242646, 450.7848241488145, 450.95435765942415, -80.01977753046091, -0.28709358566653503, 450.84136002761556, 450.6572148793735], "3": [448.21840080515443, 450.0848922628324, 450.375579751961, -0.2939234309955598, 523.0656453376706, 450.0804999759139, 449.2766777200919, 450.4267791971352, 451.32033211231953, 447.575592855592, 526.040083640992, 448.9326164037687, 709.4206910496176, 448.4947106780023, -0.28244032587385615]}