{"1": [460.14315486540863, 460.135040727547, 460.1549159188346, 460.15723007685233, 460.12189628406753, 460.15104808015934, 460.15414727716524, 460.148584957329, 460.1385905035919, 460.13812915284876, 460.12987876926485, 460.1272454860902, 460.15049578918513, 460.14583530712116, 460.129991431372], "2": [1143.252298188833, 1144.162271798411, 460.2902368604419, 1146.61056614745, 1151.471050270104, 1145.6511485264386, 997.8660459032333, 1151.595383727752, 1151.3050260769946, 460.28395109731025, 460.15040595051386, 1069.4039988262434, 1147.407557849234, 998.4511611524875, 1144.325019254546], "3": [460.9957833098895, 460.8660927739384, 1146.6043039068272, 1145.9424505081233, 460.90075346991637, 927.5376593576332, 1149.9501238753048, 1157.7973966056027, 461.04427080579944, 615.5092249213973, 460.8841168533174, 460.8751611925789, 1145.1286568051098, 460.8896791937422, 1154.9248398420661], "4": [1155.4613700380237, 460.12699204778414, 926.0307554782893, 850.1728712019874, 459.98719134018575, 460.1157834561745, 921.4385251701561, 1075.9290075232016, 460.1144100693684, 1151.0383191642966, 999.261180204506, 925.6801569068613, 1149.2625777592414, 1119.1014477744966, 999.4029563824295], "5": [-79.9816658708919, -80.0006497498833, -79.9911818958275, -79.99651059702434, -79.99572057402547, -80.01531778843756, -79.99207151852856, -79.99276758925713, -79.98981659693318, -79.98781677499416, -79.99135381896089, -79.98023579843128, -80.00308975141135, -79.99398818139338, -79.99661466395624], "6": [1151.1812716416193, 850.6345395544978, 848.8574373108131, 460.74659270727744, 536.9047915921628, 1147.0575743278898, 1150.526040418212, 539.0606700790147, 767.46645923782, 1000.048395793221, 460.7656760637708, 460.6044529914833, 617.2971997586029, 1153.034913354245, 1151.141468489702], "7": [460.52281295982726, 461.49561234745113, 1150.3193924511809, 849.7050053519881, 999.5301226029516, 998.7985298517717, 616.5042218060665, 1150.2872097533584, 538.971608840945, 850.6050092250424, 460.4936538282233, 1003.1387515380522, 848.9150441610566, 460.3223277541806, 1151.6267198403239], "8": [998.97174957016, 1145.4831729145842, 1146.694974950718, 460.65387583525325, 1001.1096269018856, 1150.6977814209938, 1148.2675191933895, 1143.9914518766886, 461.4728850762723, 851.9562927124621, 1074.01766035235, 772.5136651437878, 1151.8164987325226, 461.2620227416709, 1146.6892015911935], "9": [1146.8111249707345, 1004.9564132089832, 460.47971919123955, 851.1469906872843, 1148.579274473838, 460.8536833636665, 848.6715880108018, 1146.6800796797904, 1153.2976495479625, 460.7467235815455, 1147.197537192475, 538.6004988977872, 1145.8178460205456, 1145.180497332176, 998.4597563369276], "10": [846.0274702563037, 383.54667629279874, 460.69600674197886, 461.1257661872251, 772.8347548805458, 1145.9117427020972, 1002.8449057379212, 1146.7392559139748, 849.7849190579519, 923.0644927932345, 998.5257059706677, 846.8173044338146, 1152.4817044319618, 1147.9515931001106, 616.7146495186698], "11": [1002.6093530131759, 1002.4027410789652, 1147.502094018529, 1146.3680143203333, 1149.8156382986192, 925.1981452387429, 1147.743008350321, 1147.0574215877975, 1075.5436815618161, 1149.2758947354378, 1148.6913731257189, 1147.4492949236683, 1154.5461918523858, 1145.2278639010947, 460.3335961086302], "12": [1147.225623674091, 1146.0718380223689, 1147.3221472957953, 383.3676492457273, 460.8141809487198, 1145.5213363283146, 1147.0071318860248, 922.2260576061336, 1149.3751193886799, 1145.8092136814553, 1145.5242056039713, 1146.4757672181904, 1145.5541822166786, 1148.1781390947667, 1144.7413252077047], "13": [1146.294523253851, 1147.0581379346356, 1146.116727589017, 1145.9682918893761, 1145.8966658204365, 1146.3585407930852, 1146.388898256134, 1147.9568747751644, 460.5134729956568, 1146.9602714973205, 1145.7522768013398, 1147.380227417699, 1146.2869999989132, 844.3731364673913, 1146.1085029992892], "14": [1146.082344628064, 1151.936321822971, 1147.0262489684085, 1145.571850862618, 1145.5216059654333, 1146.6412741120198, 1146.9062830660605, 1146.1041412851216, 1145.7065789082321, 997.8634227889407, 1149.8853783799177, 1146.047270736802, 1157.495144296768, 1148.5929540851498, 1146.4793119855385], "15": [1140.7946434146245, 1140.9742571594745, 1141.7084906367832, 1142.3640003346286, 845.301553031267, 923.8172878298693, 1143.1058508538827, 1142.3442393871862, 1142.680306918885, 1142.8399389753329, 1139.9512933149867, 1145.6211663968254, 1143.848217882913, 1148.7781672355782, 1000.0827344583327], "16": [838.8164918685054, 845.3728851589447, 1133.9813390840875, 1133.4644096928357, 1134.6034480107623, 1134.233197191967, 1133.9798746632782, 841.9403762523426, 1140.7761942908744, 988.8841562263506, 845.4734199063328, 1132.3091403798178, 1134.1749655525314, 1141.339984262789, 1135.810038961111], "17": [1136.7797452085276, 1132.3136650400181, 1143.9520364856146, 1132.9522316265063, 1132.451726226927, 994.273260690556, 1064.630996173404, 1140.2976169505093, 913.5174828817713, 1133.074573704906, 1138.181722182186, 843.3967416989558, 1141.700379979603, 917.4130373628776, 1133.4129655972913], "18": [766.0308512174352, 1132.798666159361, 1137.4960531375284, 1133.5763820118184, 1131.9327247695403, 993.89693616589, 912.7512400553999, 1587.643285890167, 990.7784542760721, 1135.6030545477574, 840.0872720599332, 1134.692254457048, 1138.5472481187455, 914.6141010007937, 916.3016733550921], "19": [1142.6886432884448, 1133.2112401939644, 840.8770296365313, 1133.2495434016728, 1133.1486718120545, 988.3858476911253, 1133.45866842371, 1132.0617148302922, 1133.0598228824545, 990.1709163099965, 1142.6223066550674, 1133.6923193277817, 455.4463056446178, 1134.1229713321984, 989.804824055415], "20": [1134.8314505072133, 1135.1646409735336, 1743.9820695856013, 843.1556813457196, 996.1873004815499, 1134.513835797251, 1574.9627624251377, 994.3819206915234, 1138.2095045472618, 844.5284181627324, 1135.037760672565, 1137.733710700142, 1061.6846499187407, 841.62293868352, 1140.2191554977799]}